{
  "k_median": 0.028931423801785504,
  "k_mean": 0.03980686230372402
}